rank,osm_id,fclass,name,type,building_area_m2,buildings_within_250m,dist_road_m,area_score,density_score,road_score,suitability_score,pois_within_500m,dominant_landuse,dominant_landuse_area_m2
1,1485643780,building,,,784.79,10,2.00,0.65498889724908700519,0.56250000000000000000,0.97934002869440459110,0.7245475675079561794060,0,residential,7194.99
2,1485643775,building,,,1160.79,14,26.90,1.00000000000000000000,0.81250000000000000000,0.26484935437589670014,0.7232048063127690100420,5,No mapped land use,0
3,1485643779,building,,,645.82,10,6.59,0.52747242663926152943,0.56250000000000000000,0.84763271162123385940,0.6340287841420747695920,0,residential,5534.28
4,829775503,building,,,182.29,17,4.49,0.10214530839955221963,1.00000000000000000000,0.90789096126255380201,0.6132254117385870284550,6,No mapped land use,0
5,829775500,building,,,118.87,15,2.31,0.04395221229193811822,0.87500000000000000000,0.97044476327116212339,0.5712143138981238843050,6,No mapped land use,0
6,829775502,building,,,142.27,16,6.51,0.06542364794186195886,0.93750000000000000000,0.84992826398852223816,0.5623979383733014549920,7,No mapped land use,0
7,829775504,building,,,90.10,16,4.96,0.01755335743517278083,0.93750000000000000000,0.89440459110473457676,0.5565927203054894853600,8,No mapped land use,0
8,1485643767,building,,,186.54,12,1.73,0.10604503495990163513,0.68750000000000000000,0.98708751793400286944,0.5447942693641615148840,0,residential,9272.31
9,639679153,building,,,218.39,12,3.21,0.13527004459452019600,0.68750000000000000000,0.94461979913916786227,0.5437439575795584370810,8,residential,10825.34
10,1485643778,building,,,273.41,10,1.93,0.18575544585344368795,0.56250000000000000000,0.98134863701578192253,0.5374567694461120519390,0,residential,1242.65
11,1485643781,building,,,619.29,8,13.30,0.50312895707548035455,0.43750000000000000000,0.65509325681492109039,0.5290295598746684689370,0,residential,28579.35
12,717906738,building,,,129.57,12,1.91,0.05377034739681782313,0.68750000000000000000,0.98192252510760401722,0.5223348964910083344180,7,No mapped land use,0
13,639679152,building,,,152.63,12,4.53,0.07492980492191371052,0.68750000000000000000,0.90674318507890961263,0.5082448774924383679970,8,residential,9497.68
14,717906741,building,,,90.21,14,6.42,0.01765429153438182452,0.81250000000000000000,0.85251076040172166428,0.5065649447342692290920,6,No mapped land use,0
15,639679156,building,,,328.94,10,8.46,0.23670881429960910976,0.56250000000000000000,0.79397417503586800574,0.5016257782306040456260,0,residential,24721.39
16,717906739,building,,,131.94,12,4.80,0.05594501844341267365,0.68750000000000000000,0.89899569583931133429,0.4983267161291584697470,7,No mapped land use,0
17,639679151,building,,,186.59,12,7.42,0.10609091409590574590,0.68750000000000000000,0.82381635581061692970,0.4958312723815473772700,8,residential,6984.38
18,717906742,building,,,133.11,15,12.25,0.05701859022590886568,0.87500000000000000000,0.68522238163558106169,0.4908741505810378647790,6,No mapped land use,0
19,639679150,building,,,173.68,12,7.67,0.09424492117964434494,0.68750000000000000000,0.81664275466284074605,0.4889407948707099617910,8,residential,5139.01
20,1485643770,building,,,198.78,14,14.14,0.11727624745370795177,0.81250000000000000000,0.63098995695839311334,0.4799574860690011147100,9,No mapped land use,0
21,1485643771,building,,,201.86,11,8.20,0.12010240223156117524,0.62500000000000000000,0.80143472022955523673,0.4759713769614910411150,21,No mapped land use,0
22,1485643772,building,,,154.21,9,2.68,0.07637958561964361087,0.50000000000000000000,0.95982783357245337159,0.4685001843195934558250,22,No mapped land use,0
23,1485643776,building,,,321.49,5,1.28,0.22987282303499660494,0.25000000000000000000,1.00000000000000000000,0.4669491292139986419760,1,No mapped land use,0
24,1485643782,building,,,304.50,12,16.34,0.21428309262079976510,0.68750000000000000000,0.56786226685796269727,0.4623219171057087152210,0,residential,18671.39
25,1485643774,building,,,144.43,14,14.61,0.06740562661723954414,0.81250000000000000000,0.61750358680057388809,0.4559633266870679840830,11,No mapped land use,0
26,639679157,building,,,203.19,10,8.46,0.12132278724927052174,0.56250000000000000000,0.79397417503586800574,0.4554713674104686104180,0,residential,21431.67
27,1485643777,building,,,228.60,8,5.37,0.14463856416655961535,0.43750000000000000000,0.88263988522238163558,0.4538973912333383368140,0,No mapped land use,0
28,806448419,building,,,736.26,2,14.83,0.61045860784349709126,0.06250000000000000000,0.61119081779053084648,0.4462906884745580904480,3,forest,16409.66
29,1485643773,building,,,140.00,11,9.27,0.06334073516727532987,0.62500000000000000000,0.77073170731707317073,0.4440558062620320831670,17,No mapped land use,0
30,1246326242,building,,,470.42,12,25.62,0.36652841753684094621,0.68750000000000000000,0.30157819225251076040,0.4433348246904896066040,7,residential,16014.78
31,717906740,building,,,87.40,15,16.96,0.01507588409095079921,0.87500000000000000000,0.55007173601147776184,0.4335518744398236482360,6,No mapped land use,0
32,1246326243,building,,,470.41,13,31.08,0.36651924170964012406,0.75000000000000000000,0.14490674318507890961,0.4150797196393797225070,7,residential,20070.91
33,806448496,building,,,418.95,1,2.98,0.31930043493420931897,0E-20,0.95121951219512195122,0.4130860276322203129540,17,forest,71004.50
34,1485643769,building,,,281.17,4,4.68,0.19287588776128167954,0.18750000000000000000,0.90243902439024390244,0.4041320624215858425480,4,residential,28579.35
35,829775501,building,,,73.99,14,18.58,0.00277109981464829054,0.81250000000000000000,0.50358680057388809182,0.3959344800980257437620,9,No mapped land use,0
36,1485643785,building,,,494.31,1,8.22,0.38844946871960507240,0E-20,0.80086083213773314204,0.3956380371291619715720,5,residential,28579.35
37,829775499,building,,,70.97,15,22.42,0E-20,0.87500000000000000000,0.39340028694404591105,0.3805200860832137733150,6,No mapped land use,0
38,1485643784,building,,,321.49,2,5.18,0.22987282303499660494,0.06250000000000000000,0.88809182209469153515,0.3771266758424061025210,1,forest,61229.23
39,806448402,building,,,303.15,4,9.61,0.21304435594868877429,0.18750000000000000000,0.76097560975609756098,0.3697604253063047780100,5,residential,28579.35
40,806033550,building,,,256.86,1,3.42,0.17056945183608302288,0E-20,0.93859397417503586801,0.3498059729869439695550,12,forest,8552.55
41,717906744,building,,,103.99,10,21.21,0.03029858141711475289,0.56250000000000000000,0.42812051649928263989,0.3093055875166306931230,5,No mapped land use,0
42,717906743,building,,,80.75,10,20.53,0.00897395900240406673,0.56250000000000000000,0.44763271162123385940,0.3066293970873317845120,5,residential,267.26
43,1485643783,building,,,260.28,2,11.10,0.17370758473876419959,0.06250000000000000000,0.71822094691535150646,0.3036993179701111317740,1,forest,51492.33
44,1485643768,building,,,139.01,7,21.00,0.06243232827439393661,0.37500000000000000000,0.43414634146341463415,0.2677168337487819648890,3,residential,28579.35
45,639679155,building,,,71.58,13,33.34,0.00055972545925015140,0.75000000000000000000,0.08005738880918220947,0.2492411068264547234010,9,residential,7799.70
46,639679154,building,,,87.74,13,36.13,0.01538786221577875245,0.75000000000000000000,0E-20,0.2311551448863115009800,9,residential,4558.77
